Round,ID,Subunit,Solution_ID,Creator,Sequence,Delta
Pilot,2.9,16S,9368613,Eli Fisker  ,AAAUUGAAGAGUUUGAUCAUGGCUCAGAUUGAACGCUGGCGGCAGGCCUAACACAUGCAAGUCGAACGGUAACAGGAAGAAGCUUGCUUCUUUGCUGACGAGUGGCGGACGGGUGAGUAAUGUCUGGGAAACUGCCUGAUGGAGGGGGAUAACUACUGGAAACGGUAGCUAAUACCGCAUAACGUCGCAAGACCAAAGAGGGGGACCUUCGGGCCUCUUGCCAUCGGAUGUGCCCAGAUGGGAUUAGCUAGUAGGUGGGGUAACGGCUCACCUAGGCGACGAUCCCUAGCUGGUCUGAGAGGAUGACCAGCCACACUGGAACUGAGACACGGUCCAGACUCCUACGGGAGGCAGCAGUGGGGAAUAUUGCACAAUGGGCGCAAGCCUGAUGCAGCCAUGCCGCGUGUAUGAAGAAGGCCUUCGGGUUGUAAAGUACUUUCAGCGGGGAGGAAGGGAGUAAAGUUAAUACCUUUGCUCAUUGACGUUACCCGCAGAAGAAGCACCGGCUAACUCCGUGCCAGCAGCCGCGGUAAUACGGAGGGUGCAAGCGUUAAUCGGAAUUACUGGGCGUAAAGCGCACGCAGGCGGUUUGUUAAGUCAGAUGUGAAAUCCCCGGGCUCAACCUGGGAACUGCAUCUGAUACUGGCAAGCUUGAGUCUCGUAGAGGGUGGUAGAAUUCCAGGUGUAGCGGUGAAAUGCGUAGAGAUCUGGAGGAAUACCGGUGGCGAAGGCGGCCACCUGGACGAAGACUGACGCUCAGGUGCGAAAGCGUGGGGAGCAAACAGGAUUAGAUACCCUGGUAGUCCACGCCGUAAACGAUGUCGACUUGGAGGUUGUGCCCUUGAGGCGUGGCUUCCGGAGCUAACGCGUUAAGUCGACCGCCUGGGGAGUACGGCCGCAAGGUUAAAACUCAAAUGAAUUGACGGGGGCCCGCACAAGCGGUGGAGCAUGUGGUUUAAUUCGAUGCAACGCGAAGAACCUUACCUGGUCUUGACAUCCACGGAAGUUUUCAGAGAUGAGAAUGUGCCUUCGGGAACCGUGAGACAGGUGCUGCAUGGCUGUCGUCAGCUCGUGUUGUGAAAUGUUGGGUUAAGUCCCGCAACGAGCGCAACCCUUAUCCUUUGUUGCCAGCGGUCCGGCCGGGAACUCAAAGGAGACUGCCAGUGAUAAACUGGAGGAAGGUGGGGAUGACGUCAAGUCAUCAUGGCCCUUACGACCAGGGCUACACACGUGCUACAAUGGCGCAUACAAAGAGAAGCGACCUCGCGAGAGCAAGCGGACCUCAUAAAGUGCGUCGUAGUCCGGAUUGGAGUCUGCAACUCGACUCCAUGAAGUCGGAAUCGCUAGUAAUCGUGGAUCAGAAUGCCACGGUGAAUACGUUCCCGGGCCUUGUACACACCGCCCGUCACACCAUGGGAGUGGGUUGCAAAAGAAGUAGGUAGCUUAACCUUCGGGAGGGCGCUUACCACUUUGUGAUUCAUGACUGGGGUGAAGUCGUAACAAGGUAACCGUAGGGGAACCUGCGGUUGGAUCACCUCCUUA,125.7
Pilot,2.1,16S,9367984,Astromon,AAAUUGAAGAGUUUGAUCAUGGCUCAGAUUGAACGCUGGCGGCAGGCUUAACACAUGCAAGUCGAACGGUAACAGGAUGUAGCUUGCUACUUUGCUGACGAGUGGCGGACGGGUGAGUAAUGUCUGGGAAACUGCCUGAUGGAGGGGGAUAACUACUGGAAACGGUAGCUAAUACCGCAUAACGUCGCAAGACCAAAGAGGGGGACCUUCGGGCCUCUUGCCAUCGGAUGUGCCCAGAUGGGAUUAGCUAGUAGGUGGGGUAACGGCUCACCUAGGCGACGAUCCCUAGCUGGUCUGAGAGGAUGACCAGCCACACUGGAACUGAGACACGGUCCAGACUCCUACGGGAGGCAGCAGUGGGGAAUAUUGCACAAUGGGCGCAAGCCUGAUGCAGCCAUGCCGCGUGUAUGAAGAAGGCCUUCGGGUUGUAAAGUACUUUCAGCGGGGAGGAAGGGAGUAAAGUUAAUACCUUUGCUCAUUGACAUUACCCGCAGAAGAAGCACCGGCUAACUCCGUGCCAGCAGCCGCGGUAAUACGGAGGGUGCAAGCGUUAAUCGGAAUUACUGGGCGUAAAGCGCACGCAGGCGGUUUGUUAAGUCAGAUGUGAAAUCCCCGGGCUCAACCUGGGAACUGCAUCUGAAACUGGCAAGCUUGAGUCUCGUAGAGGGGAGUAGAAUUCCAGGUGUAGCGGUGAAAUGCGUAGAGAUCUGGAGGAAUACCGAUGGCGAAGGCGGCUCCCUGGACGAAGACUGACGCUCAGGUGCGAAAGCGUGGGGAGCAAACAGGAUUAGAUACCCUGGUAGUCCACGCCGUAAACGAUGUCGACUUGGAGGUUGUGCCCUUGAGGCGUGACUUCCGGAGCUAACGCGUUAAGUCGACCGCCUGGGGAGUACGGCCGCAAGGUUAAAACUCAAAUGAAUUGACGGGGGCCCGCACAAGCGGUGGAGCAUGUGGUUUAAUUCGAUGCAACGCGAAGAACCUUACCUGGUCUUGACAUCCACGGAAUUUUUUAGAGAUGAGAAUGUGCCUUCGGGAACCGUGAGACAGGUGCUGCAUGGCUGUCGUCAGCUCGUGUUGUGAAAUGUUGGGUUAAGUCCCGCAACGAGCGCAACCCUUAUCCUUUGUUGCCAGCGGUCCGGCCGGGAACUCAAAGGAGACUGCCAGUGAUAAACUGGAGGAAGGUGGGGACGACGUCAAGUCAUCAUGGCCCUUACGACCAGGGCUACACACGUGCUACAAUGGCGCAUACAAAGAGAAGCGACCUCGCGAGAGCAAGCGGACCUCAUAAAGUGCGUCGUAGUCCGGAUUGGAGUCUGCAACUCGACUCCAUGAAGUCGGAAUCGCUAGUAAUCGUGGAUCAGAAUGCCACGGUGAAUACGUUCCCGGGCCUUGUACACACCGCCCGUCACACCAUGGGAGUGGGUUGCAAAAGAAGUAGGUAGCUUAACCUUCGGGAGGGCGCUUACCACUUUGUGAUUCAUGACUGGGGUGAAGUCGUAACAAGGUAACCGUAGGGGAACCUGCGGUUGGAUCACCUCCUUA,121.2
Pilot,2.11,16S,9354097,Omei,AAAUUGAAGAGUUUGAUCAUGGCUCAGAUUGAACGCUGGCGGCAGGCCUAACACAUGCAAGUCGAACGGUAACAGGAAAAAGCUUGCUUCUUUGCUGACGAGUGGCGGACGGGUGAGUAAUGUCUGGGAAACUGCCUGAUGGAGGGGGAUAACUACUGGAAACGGUAGCUAAUACCGCAUAACGUCGCAAGACCAAAGAGGGGGACCUUCGGGCCUCUCGCCAUCGGAUGUGCCCAGAUGGGAUUAGCUAGUAGGUGGGGUAACGGCUCACCUAGGCGACGAUCCCUAGCUGUUCUGAGAGGAUGACCAGCCACACUGGAACUGAGACACGGUCCAGACUCCUACGGGAGGCAGCAGUGGGGAAUAUUGCACAAUGGGCGCAAGCCUGAUGCAGCCAUGCCGCGUGUAUGAAGAAGGCCUUCUGGUUGUAAAGUACUUUCAGCGGGGAGGAAGGGAGUAAAGUUAAUACCUUUGCUCAAGGACGUUACCCGCAGAAGAAGCACCGGCUAACUCCGUGCCAGCAGCCGCGGUAAUACGGAGGGUGCAAGCGUUAAUCGGAAUUACUGGGCGUAAAGCGCACGCAGGCGGUUUGUUAAGUCAGAUGUGAAAUCCCCGGGCUCAACCUGGGAACUGCAUCUGAUACUGGCAAGCUUGAGUCUCGUAGAGGGUGGUAGAAUUCCAGGUGUAGCAGUGAAAUGCGUAGAGAUCUGGAGGAAUAUCGAUGGCGAAGGCGGCCACCUGGACGAAGACUGACGCUCAGGUGCGAAAGCGUGGGGAGCAAACGGGAUUAGAUACCCCGGUAGUCCACGCCGUAAACGAUGUCGACUUGGAGGUUGUGCCCUUGAGGCGUGGCUUCCGGAGCUAACGCGUUAAGUCGACCGCCUGGGGAGUACGGCCGCAAGGUUAAAACUCAAAUGAAUUGACGGGGGCCCGCACAAGCGGUGGAGCAUGUGGUUUAAUUCGAUGCAACGCGAAGAACCUUACCUGGUCUUGACAUCCAUGGAAGUUUUCAGAGAUAAGAAUGUGCCUUCGGGAACCAUGAGACAGGUGCUGCAUGGCUGUCGUCAGCUCGUGUCGUGAGAUGUUGGGUUAAGUCCCGCAACGAGCGCAACCCCUAUCCUUUGUUACCAGCGGUCCGGCCGGGAACUCAAAGGAGACUGCCAGUGAUAAACUGGAGGAAGGUGGGGACGACGUCAAGUCAUCAUGGCCCUUACGACCAGGGCUACACACGUGCUACAAUGGCGCAUACAAAGAGAAGCGACCUCGCGAGAGCAAGCGGACCUCAUAAAGUGCGUCGUAGUCCGGAUUGGAGUCUGCAACUCGACUCCAUGAAGUCGGAAUCGCUAGUAAUCGUGGAUCAGAAUGCCACGGUGAAUACGUUCCCGGGCCUUGUACACACCGCCCGUCACACCAUGGGAGUGGGUUGCAAAAGAAGUAGGUAGCUUAACCUUCGGGAGGGCGCUUACCACUUUGUGAUUCAUGACUGGGGUGAAGUCGUAACAAGGUAACCGUAGGGGAACCUGCGGUUGGAUCACCUCCUUA,104.5
Pilot,2.12,16S,9371323,Gerry Smith,AAAUUGAAGAGUUUGAUCAUGGCUCAGAUUGAACGCUGGCGGCAUGCCUAACACAUGCAAGUCGAACGGUAACAGGAAGAAGCUCGCUUAUUAGCUGACGAGUGGCGGACGGGUGAGUAAUGUCUGGGAAACUGCCUGAUGGAGGGGGAUAACUACUGGAAACGGUAGCUAAUACCGCAUAACGUCGCAAGACCAAAGAGUGGGACCUUCGAGCCACUUGCCAUCGGAUGUGCCCAGAUGGGAUUAGCUAGUAGGUGGGGUAACGGCUCACCUAGGCGACGAUCCCUAGCUGGUCUGAGAGGAUGAUCAGCCACACUGGAACUGAGACACGGUCCAGACUCCUACGGGAGGCAGCAGUGGGGAAUAUUGGACAAUGGGCGCAAGCCUGAUCCAGCAAUGCCGCGUGAGUGAAGAAGGCCUUCGGGUUGUAAAGCUCUUUAAGCGGGGAGGAAGAGAGUAAAGUUAAUACCUUUGCUCAUGGACGUUACCCGCAGAAUAAGCACCGGCUAACUCCGUGCCAGCAGCCGCGGUAAUACGGAGGGUGCAAGCGUUAAUCGGAAUUACUGGGCGUAAAGCGCACGCAGGUGGUUUGUUAAGUCAGAUGUGAAAUCCCCGGGCUCAACCUGGGAACUGCAUCUGAAACUGGCAAGCUUGAGUCUCGUAGAGAGGAGUGGAAUUCCAGGUGUAGCAGUGAAAUGCGUAGAGAUCUGGAGGAAUAUCGAUGGCGAAGGCAGCUCCUUGGACGAAGACUGACACUCAGGUGCGAAAGCGUGGGUAGCAAACAGGAUUAGAUACCCUGGUAGUCCACGCCGUAAACGAUGUCGACUAGGAGGUUGAGCCCUUGAGGCUUGGCUUCCGGAGCUAACGCAAUAAGUCGACCGCCUGGGGAGUACGGCCGCAAGGUUAAAACUCAAAUGAAUUGACGGGGGCCCGCACAAGCGGUGGAGCAUGUGGUUUAAUUCGAUGCAACGCGAAGAACCUUACCAGGCCUUGACAUCCUCGGAAUUAUUUAGAGAUAAGAAUGUGCCUUCGGGAGCCGAGAGACAGGUGCUGCAUGGCUGUCGUCAGCUCGUGUUGUGAAAUGUUGGGUUAAGUCCCGCAACGAGCGCAACCCCUAUCCUUUGUUGCCAGCGAUCCAGUCGGGAACUCAAAGGAGACUGCCAGUGAUAAACUGGAGGAAGGUGGGGACGACGUCAAGUCAUCAUGGCCCUUACGGCCUGGGCUACACACGUGCUACAAUGGCGCAUACAAAGAGAAGCGACCUCGCGAGAGCAAGCGGACCUCAUAAAAUGCGUCUUAGUCCGGAUUGGAGUCUGCAACUCGACUCCAUGAAGUCGGAAUCGCUAGUAAUCGUGGAUCAGAAUGCCACGGUGAAUACGUUCCCGGGCCUUGUACACACCGCCCGUCACACCAUGGGAGUGGGUUGCAAAAGAAGUAGGUAGCUUAACCUUCGGGAGGGCGCUUACCACUUUGUGAUUCAUGACUGGGGUGAAGUCGUAACAAGGUAACCGUAGGGGAACCUGCGGUUGGAUCACCUCCUUA,113.7
Pilot,2.13,16S,9377025,jandersonlee,AAAUUGAAGAGUUUGAUCAUGGCUCAGAUUGAACGCUGGCGGCAGGCCUAACACAUGCAAGUCGAACGGUAACAGGAAGAAGCUUGCUUCUUUGCUGACGAGUGGCGGACGGGUGAGUAAUGUCUGGGAAACUGCCUGAUGGAGGGGGAUAACUACUGGAAACGGUAGCUAAUACCGCAUAACGUCGCAAGACCAAAGAGGGGGACUUUCGGGCCUCUUGCCAUCGGAUGUGCCCAGAUGGGAUUAGCUAGUAGGUGGGGUAACGGCUCACCUAGGCGACGAUCCCUAGCUGGUCUGAGAGGAUGACCAGCCACACUGGAACUGAGACACGGUCCAGACUCCUACGGGAGGCAGCAGUGGGGAAUAUUGCACAAUGGGCGCAAGCCUGAUGCAGCCAUGCCGCGUGUAUGAAGAAGGUCUUCGGAUUGUAAAGUACUUUCAGCGGGGAGGAAGGGAGUAAAGUUAAUACCUUUGCUCAUGGACGUUACCCGCAGAAGAAGCACCGGCUAACUCCGUGCCAGCAGCCGCGGUAAUACGGAGGGUGCAAGCGUUAAUCGGAAUUACUGGGCGUAAAGCGCACGCAGGCGGUUUGUUAAGUCAGAUGUGAAAUCCCCGGGCUCAACCUGGGAACUGCAUCUGAUACUGGCAAGCUUGAGUCUCGUAGAGGGGAGUAGAAUUCCAGGUGUAGCGGUGAAAUGCGUAGAGAUCUGGAGGAAUAUCGGUGGCGAAGGCGGCUCCCUGGACGAAGACUGACGCUCAGGUGCGAAAGCGUGGGGAGCAAACAGGAUUAGAUACCCUGGUAGUCCACGCCGUAAACGAUGUCGACUUGGAGGUUGUGCCCUUGAGGCGUGGCUUCCGGAGCUAACGCGUUAAGUCGACCGCCUGGGGAGUACGGCCGCAAGGUUAAAACUCAAAUGAAUUGACGGGGGCCCGCACAAGCGGUGGAGCAUGUGGUUUAAUUCGAUGCAACGCGAAGAACCUUACCAGGCCUUGACAUCCUCGGAAGUUUUUAGAGAUAAGAAUGUGCCUUCGGGAACCGAGAGACAGGUGCUGCAUGGCUGUCGUCAGCUCGUGUUGUGAAAUGUUGGGUUAAGUCCCGCAACGAGCGCAACCCCUAUCCUUUGUUGCCAGCGGUCCGGCCGGGAACUCAAAGGAGACUGCCAGUGAUAAACUGGAGGAAGGUGGGGACGACGUCAAGUCAUCAUGGCCCUUACGGCCUGGGCUACACACGUGCUACAAUGGCGCAUACAAAGAGAAGCGACCUCGCGAGAGCAAGCGGACCUCAUAAAGUGCGUCGUAGUCCGGAUUGGAGUCUGCAACUCGACUCCAUGAAGUCGGAAUCGCUAGUAAUCGUGGAUCAGAAUGCCACGGUGAAUACGUUCCCGGGCCUUGUACACACCGCCCGUCACACCAUGGGAGUGGGUUGCAAAAGAAGUAGGUAGCUUAACCUUCGGGAGGGCGCUUACCACUUUGUGAUUCAUGACUGGGGUGAAGUCGUAACAAGGUAACCGUAGGGGAACCUGCGGUUGGAUCACCUCCUUA,117.1
Pilot,2.14,16S,9368096,DigitalEmbrace  ,AAAUUGAAGAGUUUGAUCAUGGCUCAGAUUGAACGCUGGCGGCAGGCCUAACACAUGCAAGUCAAACGGUAACAGGAAGAAGCUUGCUUCUUUGCUGACGAGUGGCGGACCGGUGAGUAAUGUCUGGGAAACUGCCUGAUGGAGGGGGAUAACUACUGGAAACGGUAGCUAAUACCGCAUAACGUCGCAAGACCAAAGAGGGGGACCUUCGGGCCUCUUGCCAUCGGAUGUGCCCAGAUGGGAUUAGCUAGUAGGUGGGGUAACGGCUCACCUAGGCGACGAUCCCUAGCUGGUCUGAGAGGAUGACCAGCCACCCUGGAACUGAGACACGGUCCAGACUCCUACGGGAGGCAGCAGUGGGGAAUAUAGCACAAUGGGCGCAAGCCUGAUGCAGCCAUGCCGCGUGUAUGAAGAAGGCCUUCGGGUUGUAAAGUACUUUCAGCGGGGAGGAAGGGAGUAAAGUUAAUACCUUUGCUCAUUGACGUUACCCGCAGAAGAAGCACCGGCUAACUCCGUGCCAGCAGCCGCGGUAAUACGGAGGGUGCAAGCGUUAAUCGGAAUUACUGGGCGUAAAGCGCACGCAGGCGGUUUGUUAAGUCAGAUGUGAAAUCCCCGGGCUCAACCUGGGAACUGCAUCUGAUACUGGCAAGCUUGAGUCUCGUAGAGGGGGGUAGAAUUCCAGGUGUAGCGGUGAAAUGCGUAGAGAUCUGGAGGAAUAACGGUGGCGAAGGCGGCCCCCUGGACGAAGACUGACGCUCAGGUGCGAAAGCGUGGGGAGCAAACAGGAUUAGAUACCCUGGUAGUCCACGCCGUAAACGAUGUCGACUUGGAGGUUGUGCCCUUUAGGCGUGGCUUCCGGAGCUAACGCGUUAAGUCGACCGCCUGGGGAUUACGGCCGCAAGGUUAAAACUCAAAUGAAUUGACGGGGGCCCGCACAAGCGGUGGAGCAUGUGGUUUAAUUCGAUGCAACGCGAAGAACCUUACCUGGUCUUGACAUCCACGGAAGUUUUCAGAGAUGAGAAUGUGCCUUCGGGAACCGUGAGACAGGUGCCGCAUGGCUGUCGUCAGCUCGUGUUGUGAAAUGUUGGGUUAAGUCCCGCAACGAGCGUAACCCUUAUCCUUUGUUGCCAGCGGUCCGGCCGGGAACUCAAAGGAGACUGCCAGUGAUAAACUGGAGGAAGGUGGGGAUGACGUCAAGCCAUCAUGGCCCUUACGACCAGGGCUACACACGUGCUACAAUGGCGCAUACAAAGAGAAGCGACCUCGCGAGAGCAAGCGGACCUCAUAAAGUGCGUCGUAGUCCGGAUUGGAGUCUGCAACUCGACUCCAUGAAGUCGGAAUCGCUAGUAAUCGUGGAUCAGAAUGCCACGGUGAAUACGUUCCCGGGCCUUGUACACACCGGCCGUCACACCAUGGGAGUGGGUUGCAAAAGAAGUAGGUAGCUUAACCUUCGGGAGGGCGCUUACCACUUUGUGAUUCAUGACUGGGGUGAAGUCGUAACAAGGUAACCGUAGGGGAACCUGCGGUUGGAUCACCUCCUUA,107.2
Pilot,2.15,16S,9355852, Jieux   ,AAAUUGAAGAGUUUGAUCAUGGCUCAGAUUGAACGCUGGCGGCAGGCCUAACACAUGCAAGUCGAACGGUAACAGGAAGAAGCUUGCUUCUUUGCUGACGAGUGGCGGACGGGUGAGUAAUGUCUGGGAAACUGCCUGAUGGAGGGGGAUAACUACUGGAAACGGUAGCUAAUACCGCAUAACGUCGCAAGACCAAAGAGGGGGACCUUCGGGCCUCUUGCCAUCGGAUGUGCCCAGAUGGGAUUAGCUAGUAGGUGGGGUAACGGCUCACCUAGGCGACGAUCCCUAGCUGGUCUGAGAGGAUGACCAGCCACACUGGAACUGAGACACGGUCCAGACUCCUACGGGAGGCAGCAGUGGGGAAUAUUGCACAAUGGGCGCAAGCCUGAUGCAGCCAUGCCGCGUGUACGAAGAAGGCCGUAGGGUCGUAAAGUACUUUCAGCGGGGAGGAAGGGAGUAAAGUUAAUACCUUUGCUCAUUGACGUUACCCGCAGAAGAAGCACCGGCUAACUCCGUGCCAGCAGCCGCGGUAAUACGGAGGGUGCAAGCGUUAAUCGGAAUUACUGGGCGUAAAGCGCACGCAGGCGGUUUGUUAAGUCAGAUGUGAAAUCCCCGGGCUCAACCUGGGAACUGCAUCUGAUACUGGCAAGCUUGAGUCUCGUAGAGGGGGGUAGAAUUCCAGGUGUAGCGGUGAAAUGCGUAGAGAUCUGGAGGAAUACCGGUGGCGAAGGCGGCCCCCUGGACGAAGACUGACGCUCAGGUGCGAAAGCGUGGGGAGCAAACAGGAUUAGAUACCCUGGUAGUCCACGCCGUAAACGAUGUCGACUUGGAGGUUGUGCCCUUGAGGCGUGGCUUCCGGAGCUAACGCGUUAAGUCGACCGCCUGGGGAGUACGGCCGCAAGGUUAAAACUCAAAUGAAUUGACGGGGGCCCGCACAAGCGGUGGAGCAUGUGGUUUAAUUCGAUGCAACGCGAAGAACCUUACCUGGUCUUGACAUCCACGGAAGUUUUCAGAGAUGAGAAUGUGCCUUCGGGAACCGUGAGACAGGUGCUGCAUGGCUGUCGUCAGCUCGUGUUGUGAAAUGUUGGGUUAAGUCCCGCAACGAGCGCAACCCUUAUCCUUUGUUGCCAGCGGUCCGGCCGGGAACUCAAAGGAGACUGCCAGUGAUAAACUGGAGGAAGGUGGGGAUGACGUCAAGUCAUCAUGGCCCUUACGACCAGGGCUACACACGUGCUACAAUGGCGCAUACAAAGAGAAGCGACCUCGCGAGAGCAAGCGGACCUCAUAAAGUGCGUCGUAGUCCGGAUUGGAGUCUGCAACUCGACUCCAUGAAGUCGGAAUCGCUAGUAAUCGUGGAUCAGAAUGCCACGGUGAAUACGUUCCCGGGCCUUGUACACACCGCCCGUCACACCAUGGGAGUGGGUUGCAAAAGAAGUAGGUAGCUUAACCUUCGGGAGGGCGCUUACCACUUUGUGAUUCAUGACUGGGGUGAAGUCGUAACAAGGUAACCGUAGGGGAACCUGCGGUUGGAUCACCUCCUUA,120.7
Pilot,2.16,16S,9350532,jandersonlee    ,AAAUUGAAGAGUUUGAUCAUGGCUCAGAUUGAACGCUGGCGGCAGGCCUAACACAUGCAAGUCGAACGGUAACAGGAAGGAGUUUGCUCAAUAGCUGACGAGUGGCGAACGGGUGAGUAAUGUCUGGGAAACUGCCUGAUGGAGGGGGAUAACUACUGGAAACGGUAGCUAAUACCGCAUAACGUCGCAAGACCAAAGAGGGGGACCUUCGAGCCUCUCGCCAUCGGAUGUGCCCAGAUGGGAUUAGCUAGUAGGUGGGGUAACGGCUCACCUAGGCGACGAUCCCUAGCUGUUCUGAGAGGAUGACCAGUCACACUGGAACUGAGACACGGUCCAGACUCCUACGGGAGGCAGCAGUGGGGAAUAUUGGACAAUGGGCGCAAGCCUGAUCCAGCCAUGCCGCGUGUAUGAAGAAGGUCUUCUGAUUGUAAAGUACUUUAAGCGGGGAAGAAGGGAGUAAAGUUAAUACCUUUGCUCAUGGACGUUACCCGCAGAAUAAGCACCGGCUAACUCUGUGCCAGCAGCCGCGGUAAUACGGAGGGUGCAAGCGUUAAUCGGAAUUACUGGGCGUAAAGCGCACGCAGGCGGUUUGUCAAGUCAGAUGUGAAAUCCCCGAGCUCAACUUGGGAACUGCAUCUGAAACUGGCAAGCUUGAGUCUCGUAGAGAGGGGUAGAAUUCCAGGUGUAGCGGUGAAAUGCGUAGAGAUCUGGAGGAAUAUCGAUGGCGAAGGCGGCCCCUUGGACGAAGACUGACGCUGAGGUGCGAAAGCGUGGGUAGCAAACAGGAUUAGAUACCCUGGUAGUCCACGCCGUAAACGAUGUCGACUAGGAGGCUGUGCCCUUGAGGCGUGGCUUCCGGAGCUAACGCGUUAAGUCGACCGCCUGGGGAGUACGGCCGCAAGGUUAAAACUCAAAUGAAUUGACGGGGGCCCGCACAAGCGGUGGAGCAUGUGGUUUAAUUCGAUGCAACGCGAAGAACCUUACCAACUCUUGACAUCCUCGGAACUAUUUAGAGAUAAGAUUGUGCCUUCGGGAACCGAGAGACAGGUGCUGCAUGGCUGUCGUCAGCUCGUGUUGUGAAAUGUUGGGUUAAGUCCCGCAACGAGCGCAACCCCUAUCCCUAGUUGCCAGCGGUCCGGUCGGGAACUCUAGGGAGACUGCCAGUGAUAAACUGGAGGAAGGUGGGGACGACGUCAAGUCAUCAUGGCCCUUACGAGUUGGGCUACACACGUGCUACAAUGGCGCAUACAAAGAGAAGCGACCUCGCGAGAGCAAGCGGACCUCAUAAAGUGCGUCUAAGUCCGGAUUGGAGUCUGCAACUCGACUCCAUGAAGUCGGAAUCGCUAGUAAUCGUGGAUCAGAAUGCCACGGUGAAUACGUUCCCGGGCCUUGUACACACCGCCCGUCACACCAUGGGAGUGGGUUGCAAAAGAAGUAGGUAGCUUAACCUUCGGGAGGGCGCUUACCACUUUGUGAUUCAUGACUGGGGUGAAGUCGUAACAAGGUAACCGUAGGGGAACCUGCGGUUGGAUCACCUCCUUA,109.5
Pilot,2.17,23S,9367747,Eli Fisker,GGUUAAGCGACUAAGCGUACACGGUGGAUGCCCUGGCAGUCAGAGGCGAUGAAGGACGUGCUAAUCUGCGAUAAGCGUCGGUAAGGUGAUAUGAACCGUUAUAACCGGCGAUUUCCGAAUGGGGAAACCCAGUGUGUUUCGACACACUAUCAUUAACUGAAUCCAUAGGUUAAUGAGGCGAACCGGGGGAACUGAAACAUCUAAGUACCCCGAGGAAAAGAAAUCAACCGAGAUUCCCUCAGUAGCGGCGAGCGAACGGGGAGCAGCCCAGAGCCUGAAUCAGUGUGUGUGUUAGUGGAAGCGUCUGGAAAGGCGCGCGAUACAGGGUGACAGCCCCGUACACAAAAAUGCACAUGCUGUGAGCUCGAUGAGUAGGGCGGGACACGUGGUAUCCUGUCUGAAUAUGGGGGGACCAUCCUCCAAGGCUAAAUACUCCUGACUGACCGAUAGUGAACCAGUACCGUGAGGGAAAGGCGAAAAGAACCCCGGCGAGGGGAGUGAAAAAGAACCUGAAACCGUGUACGUACAAGCAGUGGGAGCACGCUUAGGCGUGUGACUGCGUACCUUUUGUAUAAUGGGUCAGCGACUUAUAUUCUGUAGCAAGGUUAACCGAAUAGGGGAGCCGAAGGGAAACCGAGUCUUAACUGGGCGUUAAGUUGCAGGGUAUAGACCCGAAACCCGGUGAUCUAGCCAUGGGCAGGUUGAAGGUUGGGUAACACUAACUGGAGGACCGAACCGACUAAUGUUGAAAAAUUAGCGGAUGACUUGUGGCUGGGGGUGAAAGGCCAAUCAAACCGGGAGAUAGCUGGUUCUCCCCGAAAGCUAUUUAGGUAGCGCCUCGUGAAUUCAUCUCCGGGGGUAGAGCACUGUUUCGGCAAGGGGGUCAUCCCGACUUACCAACCCGAUGCAAACUGCGAAUACCGGAGAAUGUUAUCACGGGAGACACACGGCGGGUGCUAACGUCCGUCGUGAAGAGGGAAACAACCCAGACCGCCAGCUAAGGUCCCAAAGUCAUGGUUAAGUGGGAAACGAUGUGGGAAGGCCCAGACAGCCAGGAUGUUGGCUUAGAAGCAGCCAUCAUUUAAAGAAAGCGUAAUAGCUCACUGGUCGAGUCGGCCUGCGCGGAAGAUGUAACGGGGCUAAACCAUGCACCGAAGCUGCGGCAGCGACGCUUAUGCGUUGUUGGGUAGGGGAGCGUUCUGUAAGCCUGCGAAGGUGUGCUGUGAGGCAUGCUGGAGGUAUCAGAAGUGCGAAUGCUGACAUAAGUAACGAUAAAGCGGGUGAAAAGCCCGCUCGCCGGAAGACCAAGGGUUCCUGUCCAACGUUAAUCGGGGCAGGGUGAGUCGACCCCUAAGGCGAGGCCGAAAGGCGUAGUCGAUGGGAAACAGGUUAAUAUUCCUGUACUUGGUGUUACUGCGAAGGGGGGACGGAGAAGGCUAUGUUGGCCGGGCGACGGUUGUCCCGGUUUAAGCGUGUAGGCUGGUUUUCCAGGCAAAUCCGGAAAAUCAAGGCUGAGGCGUGAUGACGAGGCACUACGGUGCUGAAGCAACAAAUGCCCUGCUUCCAGGAAAAGCCUCUAAGCAUCAGGUAACAUCAAAUCGUACCCCAAACCGACACAGGUGGUCAGGUAGAGAAUACCAAGGCGCUUGAGAGAACUCGGGUGAAGGAACUAGGCAAAAUGGUGCCGUAACUUCGGGAGAAGGCACGCUGAUAUGUAGGUGAGGUCCCUCGCGGAUGGAGCUGAAAUCAGUCGAAGAUACCAGCUGGCUGCAACUGUUUAUUAAAAACACAGCACUGUGCAAACACGAAAGUGGACGUAUACGGUGUGACGCCUGCCCGGUGCCGGAAGGUUAAUUGAUGGGGUUAGCGCAAGCGAAGCUCUUGAUCGAAGCCCCGGUAAACGGCGGCCGUAACUAUAACGGUCCUAAGGUAGCGAAAUUCCUUGUCGGGUAAGUUCCGACCUGCACGAAUGGCGUAAUGAUGGCCAGGCUGUCUCCACCCGAGACUCAGUGAAAUUGAACUCGCUGUGAAGAUGCAGUGUACCCGCGGCAAGACGGAAAGACCCCGUGAACCUUUACUAUAGCUUGACACUGAACAUUGAGCCUUGAUGUGUAGGAUAGGUGGGAGGCUUUGAAGUGUGGACGCCAGUCUGCAUGGAGCCGACCUUGAAAUACCACCCUUUAAUGUUUGAUGUUCUAACGUUGACCCGUAAUCCGGGUUGCGGACAGUGUCUGGUGGGUAGUUUGACUGGGGCGGUCUCCUCCUAAAGAGUAACGGAGGAGCACGAAGGUUGGCUAAUCCUGGUCGGACAUCAGGAGGUUAGUGCAAUGGCAUAAGCCAGCUUGACUGCGAGCGUGACGGCGCGAGCAGGUGCGAAAGCAGGUCAUAGUGAUCCGGUGGUUCUGAAUGGAAGGGCCAUCGCUCAACGGAUAAAAGGUACUCCGGGGAUAACAGGCUGAUACCGCCCAAGAGUUCAUAUCGACGGCGGUGUUUGGCACCUCGAUGUCGGCUCAUCACAUCCUGGGGCUGAAGUAGGUCCCAAGGGUAUGGCUGUUCGCCAUUUAAAGUGGUACGCGAGCUGGGUUUAGAACGUCGUGAGACAGUUCGGUCCCUAUCUGCCGUGGGCGCUGGAGAACUGAGGGGGGCUGCUCCUAGUACGAGAGGACCGGAGUGGACGCAUCACUGGUGUUCGGGUUGUCAUGCCAAUGGCACUGCCCGGUAGCUAAAUGCGGAAGAGAUAAGUGCUGAAAGCAUCUAAGCACGAAACUUGCCCCGAGAUGAGUUCUCCCUGACCCUUUAAGGGUCCUGAAGGAACGUUGAAGACGACGACGUUGAUAGGCCGGGUGUGUAAGCGCAGCGAUGCGUUGAGCUAACCGGUACUAAUGAACCGUGAGGCUUAACCUU,214.7
Pilot,2.18,23S,9360042,Gerry Smith,GGUUAAGCGACUAAGCGUACACGGUGGAUGCCCUGGCAGUCAGAGGCGAUGAAGGACGUGCUAAUCUGCGAUAAGCGUCGGUAAGGUGAUAUGAACCGUUAUAACCGGCGAUUUCCGAAUGGGGAAACCCAGUGUGUUUCGAGACACUAUCAUUAACUGAAUCCAUAGGUUAAUGAGGCGAACCGGGGGAACUGAAACAUCUAAGUACCCCGAGGAAAAGAAAUCAACCGAGAUUCCCCCAGUAGCGGCGAGCGAACGGGGACCAGCCCAGAGCCUGAAUCAGUGUGUGUGUUAGUGGAAGCGUCUGGAAAGGCGCGCGAUACAGAGUGACAGCCUCGUACACAAAAAUGCACAUGCUGUGAGCUCGAUGAGUAGGGCGGGACACGUGGUAUCCUGUCUGAAUAUGGGGGGACCAUCCUCCAAGGCUAAAUACUCCUGACUGACCGAUAGUGAACCAGUACCGUGAGGGAAAGGCGAAAAGAACCCCGGCGAGGGGAGUGAAAAAGAACCUGAAACCGUGUACGUACAAGCAGUGGGAGCACGAUUAGGCGUGUGACUGCGUACCUUUUGUAUAAUGGGUCAGCGACUUAUAUUCUGUAGCAAGGUUAACCGAAUAGGGGAGCCGAAGGGAAACCGAGUCUUAACUGGGCGUUAAGUUGCAGGGUAUAGACCCGAAACCCGGUGAUCUAGCCAUGGGCAGGUUGAAGGUUGGGUAACACUAACUGGAGGACCGAACCGACUAAUGUUGAAAAAUUAGCGGAUGACUUGUGGCUCGGGGUGAAAGGCCAAUCAAACCGGGAGAUAUCUGGUUCUCCCCGAAAGCUAUUUAGGUAGCGCCUCGUGAAUUCAUCUCCGGGGGUAGAGCACUGUUUCGGCAAGGGGGCCAUCCCGACUUACCAACCCGAUGCAAACUGCGAAUACCGGAGAAUGUUAUCACGGGAGACACACGGCGGGUGCUAACGUCCGUCGUGAAGAGGGAAACAACCCAGACCGCCAGCUAAGGUCCCAAAGUCAUGGUUAAGUGGGAAACGAUGUGGGAAGGCCCAGACAGCCAGGAUGUUGGCCUAGAAGCAGCCAUCAUUUAAAGAAAGCGUAAUAGCUCACUGGUCGAGUCGGCCCGCGCGGAAGAUGUAACGGGGCUAAACCAUGCACCGAAGCUGCGGCAGCGACGCUUAUGCGUUGUUGGGUAGGGGAGCGUUCUGUAAGCCAGCGAAGGUGUGCUGUGAGGCAUGCUGGAGGUAUCAGAAGUGCGAAUGCUGACAUAAGUAACGAUAAAGCGGGUGAAAAGCCCGCUCGCCGGAAGACCAAGGGUUCCUGUCCAACGUUAAUCGAGGCAGGGUGAGUCGACCCCUAAGGCGAGGCCGAAAGGCGUAGUCGAUGGGAAACAGGUUAAUAUUCCUGUACUUGGUGUUACUGCGAAGGGGGGACGGAGAAGGCUAUGUUGGCCGGGCGACGGUUGUCCCGGUUUAAGCGUGUAGGCUGGUUUUCCAGGCAAAUCCGGAAAAUCAAGGCUGAGGCGUGAUGACGAGGCACUACGGUGCUGAAGCAACAAAUGCCCUGCUUCCAGGAAAAGCCUCUAAGCAUCAGGUAACAUCAAAUCGUACCCCAAACCGACACAGGUGGUCAGGUAGAGAAUACCAAGGCGCUUGAGAGAACUCGGGUGAAGGAACUAGGCAAAAUGGCGCCGUAACUUCGGGAGAAGGCGCGCUCAUAUGUAGGUGAGGUCCCUCGCGGAUGGAGCUGAAAUGAGCCGAAGAUACCAGCUGGCUGCAACUGUUUAUUAAAAACACAGCACUGUGCAAACACGAAAGUGGACGUAUACGGUGUGACGCCUGCCCGGUGCCGGAAGGUUAAUUGAUGGGGUUAGCGCAAGCGAAGCUCUUGAUAGAAGCCCCGGUAAACGGCGGCCGUAACUAUAACGGUCCUAAGGUAGCGAAAUUCCUUGUCGGGUAAGUACCGACCUGCACGAAUGGCGUAAUGAUGGCCAGACUGUCUCCACCCGAGACUCAGUGAAAUUGAACUCGCUGUGAAGAUGCAGUGUACCCGCGGCAAGACGGAAAGACCCCGUGAACCUUUACUAUAGCUUGACACUGAACAUUGAGCCUUGAUGUGUAGGAUAGGUGGGAGGCAUUGAAGCGUGGACGCCAGUCUGCAUGGAGCCGAUCUUGAAAUACCACCCUGUAAUGUUUGAUGUUCUAACGUUGACCCGUAAUCCGGGUUGCGGACAGUGUCUGGUGGGUAGUUUGACUGGGGCGGUCUCCUCCUAAAGAGUAACGGAGGAGCACGAAGGUUGCCUAAUCCUGGUCGGACAUCAGGAGGUUAGUGCAAUGGCAUAAGGCAGCUUGACUGCGAGCGUGACGGCGCGAGCAGGUGCGAAAGCAGGUCAUAGUGAUCCGGUGGUUCUGAAUGGAAAGGCCAUCGCUCAACGGAUAAAAGGUACUCCGGGGAUAACAGGCUGAUACCGCCCAAGAGUUCAUAUCGACGGCGGUGUUUGGCACCUCGAUGUCGGCUCAUCACAUCCUGGGGCUGAAGUAGGUCCCAAAGGUAUGGCUGUUCGCCAUUUAAAGUGGUACGCGAGCUGGGUUUAGAACGUCGUGAGACAGUUCGGUCCCUAUCUGCCGUGGGCGCUGGAGAACUGAGGGGGGCUGCUCCUAGUACGAGAGGACCGGAGUGGACGCAUCACUGGUGUUCGGGUUGUCAUGCCAAUGGCACUGCCCGGUAGCUAAAUGCGGAAGAGAUAAGUGCUGAAAGCAUCUAAGCACGAAACUCGCCCCGAGAUGAGUUCUCCCUGACCCUUUAAGGGUCCUGAAGAAACGUUGAAGACGACGACGUUGAUAGGCCGGGUGUGUAAGCGCAGCGAUGCGUGGAGCUAACCGGUACUAAUGAAUCGUGAGGCUUAACCUU,195.5
Pilot,2.19,23S,9345212,Omei,GGUUAAGCGACUAAGCGUACACGGUGGAUGCCCUGGCAGUCAGAGGCGAAGAAGGACGUACUAAUCUGCGAUAAGCGUCGGUAAGGUGAUAUGAACCGUUAUAACCGGCGAUUUCCGAAUGGGGAAACCCAGUGUGUUUCGACACACUAUCAUUAACUGAAUCCAUAGGUUAAUGAGGCGAACCGGGGGAACUGAAACAUCUAAGUACCCCGAGGAACAGAAAUCAACCGAGAUUCCCCCAGUAGCGGCGAGCGAACGGGGAGCAGCCCAGAGCCUGAAUCAGUGUGUGUGUUAGUGGAAGCGUCUGGAAAGGCGCGCGAUACAGGGUGACAGCCCCGUACACAAAAAUGCACAUGCUGUGAGCUCGAUGAAUAGGGCGGGACACGUGGUAUCCUGUCUGAAUAUGGGGGGACCAUCCUCCAAGGCUAAAUACUCCUGACUGACCGAUAGUGAACCAGUACCGUGAGGGAAAGGCGAAAAGAACCCCGGCGAGGGGAGUGAAAAAGAACCUGAAACCGUGUACGUACAAGCAGUGGGAGCACGCUUAGGCGUGUGACUGCGUACCUUUUGUAUAAUGGGUCAGCGACUUAUAUUCUGUAGCAAGGUUAACCGAAUAGGGGAGCCGAAGGGAAACCGAGUCUUAACUGGGCGUUAAGUUGCAGGGUAUAGACCCGAAACCCGGUGAUCUAGCCAUGGGCAGGUUGAAGGUUGGGUAACACUAACUGGAGGACCGAACCGACUAAUGUUGAAAAAUUAGCGGAUGACUUGUGGCUGGGGGUGAAAGGCCAAUCAAACCGGGAGAUAGCUGGUUCUCCCCGAAAGCUAUUUAGGUAGCGCCUCGUGAAUUCAUCUCCGGGGGUAGAGCACUGUUUCGGCAAGGGGGUCAUCCCGACUUACCAACCCGAUGCAAACUGCGAAUACCGGAGAAUGUUAUCACGGGAGACACACGGCGGGUGCUAACGUCCGUCGUGAAGAGGGAAACAACCCAGACCGCCAGCUAAGGUCCCAAAGUCAUGGUUAAGUGGUAAACGAAGUGGGAAGGCACACACAGCCAGGAUGUUGGCUUAGAAGCAGCCAUCAUUUAAAGAAAGCGUAAUAGCUCACUGGUCGAGUCGGCCCGCGCGGAAGAUAUAACGGGGCUAAACCAUGCACCGAAGCUGCGGCAGCGACGCUUAUGCGUUGUUGGGUAGGGGAGCGUUCUGUAAGCCUGCGAAGGUGUGCUGUGAGGCAUGCUGGAGGUAUCAGAAGUGCGAAUGCUGACAUAAGUAACGAUAAAGCGGGUGAAAAGCCCGCUCGCCGGAAGACCAAGGUUUCCUGUCCAACGUUAAUCGGGGCAGGGUGAGUCGACCCCUAAGGCGAGGCCGAAAGGCGUAGUCGAUGGGAAACAGGUUAAUAUUCCUGUACUUGGUGUUACUGCGAAGGGGGGACGGAGAAGGCUAUGUUGGCCGGGCGACGGUUGUCCCGGUUUAAGCGUGUAGGCUGGUUUUCCAGGCAAAUCCGGAAAAUCAAGGCUGAGGCGUGAUGACGAGGCACUACGGUGCUGAAGCAACAAAUGCCCUGCUUCCAGGAAAAGCCUCUAAGCAUCAGGUAACAUCAAAUCGUACCCCAAACCGACACAGGUGGUCAGGUAGAGAAUACCAAGGCGCUUGAGAGAACUCGGGUGAAGGAACUAGGCAAAAUGGUGCCGUAACUUCGGGAGAAGGCACGCUGAUAUGUAGGUGAGGUCCCUCGCGGAUGGAGCUGAAAUCAGUCGAAGAUACCAGCUGGCUGCAACUGUUUAUUAAAAACACAGCACUGUGCAAACACGAAAGUGGACGUAUACGGUGUGACGCCUGCCCGGUGCCGGAAGGUUAAUUGAUGGGGUUAGCGCAAGCGAAGCUCUUGAUCGAAGCCCCGGUAAACGGCGGCCGUAACUAUAACGGUCCUAAGGUAGCGAAAUUCCUUGUCGGGUAAGUUCCGACCUGCACGAAUGGCGUAAUGAUGGCCAGGCUGUCUCCACCCGAGACUCAGUGAAAUUGAACUCGCUGUGAAGAUGCAGUGUACCCGCGGCAAGACGGAAAGACCCCGUGAACCUUUACUAUAGCUUUACACUGAACAUUGAGCCUUGAUGUGUAGGAUAGGUGGGAGGCAUUGAAGUGUGGACGCCAGUCUGCAUGGAGCCGACCUUGAAAUACCACCCUGUAAUGUUUGAUGUUCUAACGUUGACCCGUAAUCCGGGUUGCGGACAGUGUCUGGUGGGUAGUUUGACUGGGGCGGUCUCCUCCUAAAGAGUAACGGAGGAGCACGAAGGUUGGCUAAUCCUGGUCGGACAUCAGGAGGUUAGUGCAAUGGCAUAAGCCAGCUUGACUGCGAGCGUGACGGCGCGAGCAGGUGCGAAAGCAGGUCAUAGUGAUCCGGUGGUUCUGAAUGGAAGGGCCAUCGCUCAACGGAUAAAAGGUACUCCGGGGAUAACAGGCUGAUACCGCCCAAGAGUUCAUAUCGACGGCGGUGUUUGGCACCUCGAUGUCGGCUCAUCACAUCCUGGGGCUGAAGUAGGUCCCAAAGGUAUGGCUGUUCGCCAUUUAAAGUGGUACGCGAGCUGGGUUUAGAACGUCGUGAGACAGUUCGGUCCCUAUCUGCCGUGGGCGCUGGAGAACUGAGGGGGGCUGCUCCUAGUACGAGAGGACCGGAGUGGACGCAUCACUGGUGUUCGGGUUGUCAUGCCAAUGGCACUGCCCGGUAGCUAAAUGCGGAAGAGAUAAGUGCUGAAAGCAUCUAAGCACGAAACUUGCCCCGAGAUGAGUUCUCCCUGACCCUUUAAGGGUCCUGAAGGAACGUUGAAGACGACGACGUUGAUAGGCCGGGUGUGUAAGCGCAGCGAUGCGUUGAGCUAACCGGUACUAAUGAACCGUGAGGCUUAACCUU,209.3
Pilot,2.2,23S,9346605,jandersonlee,GGUUAAGCGACUAAGCGUACACGGUGGAUGCCCUGGCAGUCAGAGGCGAUGAAGGACGUGCAAAUCUACGAUAAGCGACGGUAAGGUGAUAAGAACCGUUAUAACCGUCGAUUUCCGAAUGGGAAAACCCAGUGUGUUUCAACACACUAUCAUUAACUGAAUACAUAGGUUAAUGAAGCGAACCGGGGAAACUGAAACAUCUAAGUACCCCGAGGAAAAGAAAUCAACCGAGAUUCCGCCAGUAGCGGCGAGCGAAAGCGGAGAAGCCCAGAGCCUGAAUCAGUGUGUGUGUUAGUGGAAGCGUCUGGAAAGGCGCGCGAUACAGGGUGACAGCCCCGUACACAAAAAUGCACAUGCUGUGAGCUCGAUGAAUAGGACGGGACACGAGAAAUCCUGUCUGAAUAUAGGGGGACCAUCCUCUAAGGCUAAAUACUACUGACUGACCGAUAGUGAACCAGUACCGUGAGGGAAAGGCGAAAAGAACCCCGGCAAGGGGAGUGAAAAAGAACCUGAAACCGUGUACAUACAAGCAGUGGGAGCACGCUUAGGCGUGUGACUGCGUACCUUUUGUAUAAUGGGUCAGCGACUUAUAUUCUGUAGCAAGGUUAACCAAAUAGGGGAGCCGAAGGGAAACCGAGUCUUAACUGGGCAAUAAGUUGCAGGGUAUAGACCCGAAACCAGGUGAUCUAGCCAUGGGCAGGUUGAAGGUUGGGUAACACUAACUGGAGGACCGAACCGACUAAUGUUAAAAAAUUAGCGGAUGACUUGUGGCUGGGGGUGAAAGGCCAAACAAACCUGGAGAUAGCUGGUUCUCCCCGAAAGCUAUUUAGGUAGCGCCUUGUGAAUUCAUCUCCGGAGGUAGAGCACUGUUUCGGCAAGGGGGUCAUACCGACUUACCAACCCGAUGCAAACUGCAAAUACCGGAGAAUGUUAUCACAGGAGACACACGGCGGGUGAUAACGUCCGUCGUGAAAAGGGAAACAACCCAGACCGCCAGCUAAGGUCCCAAAGUCAUGGUUAAGUGGGAAACGAAGUGGGAAAGCAUAGACAGCCAGGAUGUUGGCUUAGAAGCAGCCAUCAUUUAAAGAAAGCGUAAUAGCUCACUGGUCAAGUUGGCCCGCGCGGAAGAUAUAACGGGGCUAAACCAUGCACCGAAGCUGCGGCAGCGACGCUUAUGCGUUGUUGGGUAGGGGAGCGUUCUGUAAGCCAACGAAGGUGUGCUGAAAGGCAUGCUGGAGGUAUCAGAAGUGCGAAUGCUGACAUAAGUAACGAUAAAGCGGGUGAAAAGCCCGCUCGCCGAAAGACCAAGGAUUCCUGUCCAACGUUAAUCGGGGCAGGGUGAGUCGGCCCCUAAGGCGAGGCCGAAAGGCGUAGUCGAUGGGAAACAGGUUAAUAUUCCUGUACUUGGUGUUACUGCGAAGGGGGGACGGAGAAGGCUAUGUUGGCCGGGCGACGGUUGUCCCGGUUUAAGCGUGUAGGCUGGUUUUCCAGGCAAAUCCGGAAAAUCAAGGCUGAGGCGUGAUGACGAGGCACUACGGUGCUGAAGCAACAAAUGCCCUGCUUCCAGGAAAAGCCUCUAAGCAUCAGGUAACAUCAAACCGUACCCCAAACGAACACACGUGGUCAGGUAGAGAAUACCAAGGCGCUUGAGAGAACUCGGGUGAAGGAACUAGGCAAAAUGGUGCCGUAACUUAGGAAGAAGGCACGCUGAUAUGUAGGUGAAGUCCCUCGCGGAUGGAGCUGAAAUCAGUCGAAGAUACCCGGUGGCUGCAACUGUUUAUUAAAAACACAGCACUGUGCAAACACGAAAGUGGACGUAUACGGUGUGACGCCUGCCCGGUGCCGGAAGGUUAAUUGAUGGGGUUAGCGCAAGCGAAGCUCUUGAUCGAAGCCCCGGUAAACGGCGGCCGUAACUAUAACGGUCCUAAUGUAGCGAAAUACCUUGUCGGGUAAGUACCGACCUGCACGAAUGGCGUAAUGACGGCCACACUGUCUCCACCCGAGACUCAGUGAAAUUGAACUCGCUGUGAAGAUGCAGUGUACCCGCGGCAAGACGGAAAGACCCCGUGAACCUUUACUAUAGCUUGACACUGAACAUUGAGCCUUUAUGUGUAGGAUAGGUGGGAGGCUUUGAAGUGUGGACGCCAGUCUGCAUGGAGCCGACCUUGAAAUACCACCCUUUAAUGUUUGAUGUUCUAACGUUGACCCGUAAUCCGGGUUGCGGACAGUGUCUGGUGGGUAGUUUGACUGGGGCGGUCUCCUCCUAAAGAGUAACGGAGGAGCACGAAGGUUGGCUAAUCCUGGUCGGACAUCAGGAGGUUAGUGCAAUGGCAUAAGCCAGCUUGACUGCGAGCGUGACGGCGCGAGCAGGUGCGAAAGCAGGUCAUAGUGAUCCGGUGGUUCUGAAUGGAAGGGCCAUCGCUCAACGGAUAAAAGGUACUCCGGGGAUAACAGGCUGAUACCGCCCAAGAGUUCAUAUCGACGGCGGUGUUUGGCACCUCGAUGUCGGCUCAUCGCAUCCUGGGGCUGAAGUAGGUCCCAAAGGUAUGGCUGUUCGCCAUUUAAAGCGGUACGCGAGCUGGGUUUAGAACGUCGUGAGACAGUUCGGUCCCUAUCUGCCGUGGGCGCUGGAGAACUGAGGGGGGCUGCUCCUAGUACGAGAGGACCGGAGUGGACGCAUCACUGGUGUUCGGGUUGUCAUGCCAAUGGCACUGCCCGGUAGCUAAAUGCGGAAGAGAUAAGUGCUGAAAGCAUCUAAGCACGAAACUUGCCCCGAGAUGAGUUCUCCCUGACCCUUUAAGGGUCCUGAAGGAACGUUGAAGACGACGACGUUGAUAGGCCGGGUGUGUAAGCGCAGCGAUGCGUUGAGCUAACCGGUACUAAUGAACCGUGAGGCUUAACCUU,194.4
Pilot,2.21,23S,9377720,Astromon,GGUUAAGCGACUAAGCGUACACGGCGGAUGCCCUGGCAGUCAGAGGCGAUGAAGGACGUGCUAAUCUGCGAUAAGCGUCGGUAAGGUGAUAGGAACCGUUAUAACCGGCGAUUUCCGAAUGGGGAAACCCAGUGUGUUUCGACACACUAUCAUUAACUGAAUCCAUAGGUUAAUGAGGCGAACCGGGGGAACUGAAACAUCUAAGUACCCCGAGGAAAAGAAAUCAACCGAGAUUCCCCCAGUAGCGGCGAGCGAAAGGGGAGCAGCCCAGAGCCUGAAUCAGUGUGUGUGUUAGUGGAAGCGUCUGGAAAGGCGCGCGAUACAGGGUGACAGCCCCGUACACAAAAAUGCACAUGCUGUGAGCUCGAUGAGUAGGGCGGGACACGUGGUAUCCUGUCUGAAUAUGGGGGGACCAUCCUCCAAGGCUAAAUACUCCUGACUGACCGAUAGUGAACCAGUACCGUGAGGGAAAGGCGAAAAGAACCCCGGCGAGGGGAGUGAAAAAGAACCUGAAACCGUGUGCGUACAAGCAGUGGGAGCACGCUUAGGCGUGUGACUGCGUACCUUUUGUAUAAUGGGUCAGCGACUUAUAUUCUGUAGCAAGGUUAACCGAAUAGGGGAGCCGAAGGGAAACCGAGUCUUAACUGGGCGUUAAGUUGCAGGGUAUAGACCCGAAACCGGGCGAUCUAGCCAUGGGCAGGUUGAAGGUUGGGUAACACUAACUGGAGGACCGAACCGACUAAUGUUGAAAAAUUAGCGGAUGACUUGUGGCUGGGGGUGAAAGGCCAAUCAAGCCCGGAGAUAGCUGGUUCUCCCCGAAAGCUAUUUAGGUAGCGCCUCGUGAAUUCAUCUCCGGGGGUAGAGCACUGUUUCGGCAAGGGGGUCAUCCCGACUUACCAACCCGAUGCAAACUGCGAAUACCGGAGAAUGUUAUCACGGGAGACACACGGCGGGUGCUAACGUCCGUCGUGAAGAGGGAAACAACCCAGACCGCCAGCUAAGGUCCCAAAGUCGUGGUUAAGUGGGAAACGAAGUGGGAAAGCAUAGACAGCCAGGAUGUUGGCUUAGAAGCAGCCAUCAUUUAAAGAAAGCGUAAUAGCUCACUGGUCAAGUUGGCCCGCGCGGAAGAUGUAACGGGGCUAAACCACGCACCGAAGCUGCGGCAGCGACGCUUAUGCGUUGUUGGGUAGGGGAGCGUUCUGUAAGCCGACGAAGGUGUGCUGUGAGGCAUGCUGGAGGUAUCAGAAGUGCGAAUGCUGACAUAAGUAACGAUAAUGCGGGUGAAAAGCCCGCACGCCGGAAGACCAAGGUUUCCUGUCCAACGUUAAUCGGGGCAGGGUGAGUCGACUCCUAAGGCGAGGCCGAAAGGCGUAGUUGAUGGAAAACAGGUUAAUAUUCCUGUACUUGGUGUUACUGCGAAGGGGGGACGGAGAAGGCUAUGUUGGCCGGGCGACGGUUGUCCCGGUUUAAGCGUGUAGGCUGGUUUUCCAGGCAAAUCCGGAAAAUCAAGGCUGAGGCGUGAUGACGAGGCACUACGGUGCUGAAGCAACAAAUGCCCUGCUUCCAGGAAAAGCCUCUAAGCAUCAGGUAACAUCAAAUCGUACCAAAAACCGACACAGGUGGUCAGGUAGAGAAUACCAAGGCGCUUGAGAGAACUCGGGUGAAGGAACUAGGCAAAUUGGUGCCGUAACUUAGGGAGAAGGCACGCUGAUAUGUAGGUGAGGUCCCUCGCGGAUGGAGCUGAAAUCAGUCGAAGAGACCAGCUGGCUGCAACUGUUUAUUAAAAACACAGCACUCUGCAAACACGAAAGUGGACGUAUAGGGUGUGACGCCUGCCCGGUGCCGGAAGGUUAAAUGAUGGGGUUAGCGCAAGCGAAGCUCUUGAUCGAAGCCCCGGUAAACGGCGGCCGUAACUAUAACGGUCCUAAGGUAGCGAAAUUCCUUGUCGGGUAAGUUCCGACCUGCACGAAUGGCGUAAUGAUGGCCAGGCUGUCUCCACCCGAGACUCAGUGAAAUUGAACUCGCUGUGAAGAUGCAGUGUACCCGCGGCAAGACGGAAAGACCCCGUGCACCUUUACUAUAGCUUGACACUGAACAUUGAGCCUUGAUGUGUAGGAUAGGUGGGAGGCUAUGAAGUGUGGACGCCAGUCUGCAUGGAGCCGACCUUGAAAUACCACCCUUUAAUGUUUGAUGUUCUAACGUUGACCCGUAAUCCGGGUUGCGGACAGUGUCUGGUGGGUAGUUUGACUGGGGCGGUCUCCUCCUAAAGAGUAACGGAGGAGCACGAAGGUUGGCUAAUCCUGGUCGGACAUCAGGAGGUUAGUGCAAUGGCAUAAGCCAGCUUGACUGCGAGCGUGACGGCGCGAGCAGGUGCGAAAGCAGGUCAUAGUGAUCCGGUGGUUCUGAAUGGAAGGGCCAUCGCUCAACGGAUAAAAGGUACGCCGGGGAUAACAGGCUGAUUCCGCCCAAGAGUUCAUAUCGACGGCGGAGUUUGGCACCUCGAUGUCGGCUCAUCACAUCCUGGGGCUGAAGUAGGUCCCAAAGGUAUGGCUGUUCGCCAUUUAAAGUGGUACGUGAGCUGGGUUUAGAACGUCGUGAGACAGUUCGGUCCCUAUCUGCCGUGGGCGCUGGAGAACUGAGGGGGGCUGCUCCUAGUACGAGAGGACCGGAGUGGACGCAUCACUGGUGUUCGGGUUGUCAUGCCAAUGGCACUGCCCGGUAGCUAAAUGCGGAAGAGAUAAGUGCUGAAAGCAUCUAAGCACGAAACUUGCCCCAAGAUGAGUUCUCCCUGACCCCUUAAGGGUCCUGAAGGAACGUUGAAGACGACGACGUUGAUAGGCCGGGUGUGUAAGCGCAGCGAUGCGUGGAGCUAACCGGUACUAAUGAACCGUGAGGCUUAACCUU,199.2
Pilot,2.22,23S,9374001,Gerry Smith,GGUUAAGCGACUAAGCGUACACGGUGGAUGCCCUGGCAGUCAGAGGCGAUGAAGGACGUGCUAAUCUGCGAUAAGCGUCGGUAAGGUGAUAUGAACCGUUAUAACCGGCGAUUUCCGAAUGGGGAAACCCAGUGUGUUUCGACACACUAUCAUUAACUGAAUCCAUAGGUUAAUGAGGCGAACCGGGGGAACUGAAACAUCUAAGUACCCCGAGGAAAAGAAAUCAACCGAGAUUCCCCCAGUAGCGGCGAGCGAACGGGGAGCAGCCCAGAGCCUGAAUCAGUGUGUGUGUUAGUGGAAGCGUCUGGAAAGGCGCGCGAUACAGGGUGACAGCCCCGUACACAAAAAUGCACAUGCUGUGAGCUCGAUGAGUAGGGCGGGACACGUGGUAUCCUGUCUGAAUAUGGGGGGACCAUCCUCCAAGGCUAAAUACUCCUGACUGACCGAUAGUGAACCAGUACCGUGAGGGAAAGGCGAAAAGAACCCCGGCGAGGGGAGUGAAAAAGAACCUGAAACCGUGUACGUACAAGCAGUGGGAGCACGCUUAGGCGUGUGACUGCGUACCUUUUGUAUAAUGGGUCAGCGACUUAUAUUCUGUAGCAAGGUUAACCGAAUAGGGGAGCCGAAGGGAAACCGAGUCUUAACUGGGCGUUAAGUUGCAGGGUAUAGACCCGAAACCCGGUGAUCUAGCCAUGGGCAGGUUGAAGGUUGGGUAACACUAACUGGAGGACCGAACCGACUAAUGUUGAAAAAUUAGCGGAUGACUUGUGGCUGGGGGUGAAAGGCCAAUCAAACCGGGAGAUAGCUGGUUCUCCCCGAAAGCUAUUUAGGUAGCGCCUCGUGAAUUCAUCUCCGGGGGUAGAGCACUGUUUCGGCAAGGGGGUCAUCCCGACUUACCAACCCGAUGCAAACUGCGAAUACCGGAGAAUGUUAUCACGGGAGACACACGGCGGGUGCUAACGUCCGUCGUGAAGAGGGAAACAACCCAGACCGCCAGCUAAGGUCCCAAAGUCAUGGUUAAGUGGGAAACGAUGUGGGAAGGCCCAGACAGCCAGGAUGUUGGCUUAGAAGCAGCCAUCAUUUAAAGAAAGCGUAAUAGCUCACUGGUCGAGUCGGCCUGCGCGGAAGAUGUAACGGGGCUAAACCAUGCACCGAAGCUGCGGCAGCGACGCUUAUGCGUUGUUGGGUAGGGGAGCGUUCUGUAAGCCUGCGAAGGUGUGCUGUGAGGCAUGCUGGAGGUAUCAGAAGUGCGAAUGCUGACAUAAGUAACGAUAAAGCGGGUGAAAAGCCCGCUCGCCGGAAGACCAAGGGUUCCUGUCCAACGUUAAUCGGGGCAGGGUGAGUCGACCCCUAAGGCGAGGCCGAAAGGCGUAGUCGAUGGGAAACAGGUUAAUAUUCCUGUACUUGGUGUUACUGCGAAGGGGGGACGGAGAAGGCUAUGUUGGCCGGGCGACGGUUGUCCCGGUUUAAGCGUGUAGGCUGGUUUUCCAGGCAAAUCCGGAAAAUCAAGGCUGAGGCGUGAUGACGAGGCACUACGGUGCUGAAGCAACAAAUGCCCUGCUUCCAGGAAAAGCCUCUAAGCAUCAGGUAACAUCAAAUCGUACCCCAAACCGACACAGGUGGUCAGGUAGAGAAUACCAAGGCGCUUGAGAGAACUCGGGUGAAGGAACUAGGCAAAAUGGUGCCGUAACUUCGGGAGAAGGCACGCUGAUAUGUAGGUGAGGUCCCUCGCGGAUGGAGCUGAAAUCAGUCGAAGAUACCAGCUGGCUGCAACUGUUUAUUAAAAACACAGCACUGUGCAAACACGAAAGUGGACGUAUACGGUGUGACGCCUGCCCGGUGCCGGAAGGUUAAUUGAUGGGGUUAGCGCAAGCGAAGCUCUUGAUCGAAGCCCCGGUAAACGGCGGCCGUAACUAUAACGGUCCUAAGGUAGCGAAAUUCCUUGUCGGGUAAGUUCCGACCUGCACGAAUGGCGUAAUGAUGGCCAGGCUGUCUCCACCCGAGACUCAGUGAAAUUGAACUCGCUGUGAAGAUGCAGUGUACCCGCGGCAAGACGGAAAGACCCCGUGAACCUUUACUAUAGCUUGACACUGAACAUUGAGCCUUGAUGUGUAGGAUAGGUGGGAGGCUUUGAAGUGUGGACGCCAGUCUGCAUGGAGCCGACCUUGAAAUACCACCCUUUAAUGUUUGAUGUUCUAACGUUGACCCGUAAUCCGGGUUGCGGACAGUGUCUGGUGGGUAGUUUGACUGGGGCGGUCUCCUCCUAAAGAGUAACGGAGGAGCACGAAGGUUGGCUAAUCCUGGUCGGACAUCAGGAGGUUAGUGCAAUGGCAUAAGCCAGCUUGACUGCGAGCGUGACGGCGCGAGCAGGUGCGAAAGCAGGUCAUAGUGAUCCGGUGGUUCUGAAUGGAAAGGCCAUCGCUCAACGGAUAAAAGGUACUCCGGGGAUAACAGGCUGAUACCGCCCAAGAGUUCAUAUCGACGGCGGUGUUUGGCACCUCGAUGUCGGCUCAUCACAUCCUGGGGCUGAAGUAGGUCCCAAAGGUAUGGCUGUUCGCCAUUUAAAGUGGUACGCGAGCUGGGUUUAGAACGUCGUGAGACAGUUCGGUCCCUAUCUGCCGUGGGCGCUGGAGAACUGAGUGGGGCUGCUCCUAGUACGAGAGGACCGGAGUGGACGCAUCACUGGUGUUCGGGUUGUCAUGCCAAUGGCACUGCCCGGUAGCUAAAUGCGGAAGAGAUAAGUGCUGAAAGCAUCUAAGCACGAAACUUGCCACGAGAUGAGUUCUCCCUGACCCUUUAAGGGUCCUGAAGGAACGUUGAAGACGACGACGUUGAUAGGCCGGGUGUGUAAGCGCAGCGAUGCGUUGAGCUAACCGGUACUAAUGAACCGUGAGGCUUAACCUU,205.7
Pilot,2.23,23S,9362896,JR,GGUUAAGCGACUAAGCGUACACGGUGGAUGCCCUGGCAGUCAGAGGCGAUGAAGGACGUGCUAAUCUGCGAUAAGCGUCGGUAAGGUGAUAUGAACCGUUAUAACCGGCGAUUUCCGAAUGGGGAAACCCAGUGUGUUUCGACACACUAUCAUUAACUGAAUCCAUAGGUUAAUGAGGCGAACCGGGGGAACUGAAACAUCUAAGUACCCCGAGGAAAAGAAAUCAACCGAGAUUCCCCCAGUAGCGGCGAGCGAACGGGGAGCAGCCCAGAGCCUGAAUCAGUGUGUGUGUUAGUGGAAGCGUCUGGAAAGGCGCGCGAUACAGGGUGACAGCCCCGUACACAAAAAUGCACAUGCUGUGAGCUCGAUGAGUAGGGCGGGACACGUGGUAUCCUGUCUGAAUAUGGGGGGCCCAUCCUCCAAGGCUAAAUACUACUGACUGACCGAUAGUGAACCAGUACCGUGAGGGAAAGGCGAAAAGAACCCCGGCGAGGGGAGUGAAAAAGAACCUGAAACCGUGUACGUACAAGCAGUGGGAGCACGCUUAGGCGUGUGACUGCGUACCUUUUGUAUAAUGGGUCAGCGACUUAUAUUCUGUAGCAAGGUUAACCGAAUAGGGGAGCCGAAGGGAAACCGAGUCUUAACUGGGCGUUAAGUUGCAGGGUAUAGACCCGAAACCCGGUGAUCUAGCCAUGGGCAGGUUGAAGGUUGGGUAACACUAACUGGAGGACCGAACCGACUAAUGUUGAAAAAUUAGCGGAUGACUUGUGGCUGGGGGUGAAAGGCCAAUCAAACCGGGAGAUAGCUGGUUCUCCCCGAAAGCUAUUUAGGUAGCGCCUCGUGAAUUCAUCUCCGGGGGUAGAGCACUGUUUCGGCAAGGGGGUCAUCCCGACUUACCAACCCGAUGCAAACUGCGAAUACCGGAGAAUGUUAUCACGGGAGACACACGGCGGGUGCUAACGUCCGUCGUGAAGAGGGAAACAACCCAGACCGCCAGCUAAGGUCCCAAAGUCAUGGUUAAGUGGGAAACGAUGUGGGAAGGCCCAGACAGCCAGGAUGUUGGCUUAGAAGCAGCCAUCAUUUAAAGAAAGCGUAAUAGCUCACUGGUCGAGUCGGCCUGCGCGGAAGAUGUAACGGGGCUAAACCAUGCACCGAAGCUGCGGCAGCGACGCUUAUGCGUUGUUGGGUAGGGGAGCGUUCUGUAAGCCUGCGAAGGUGUGCUGUGAGGCAUGCUGGAGGUAUCAGAAGUGCGAAUGCUGACAUAAGUAACGAUAAAGCGGGUGAAAAGCCCGCUCGCCGGAAGACCAAGGGUUUCUGUCCAACGUUAAUCGGGGCAGGGUAAGUCGACCCCUAAGGCGAGGCCGAAAGGCGUAGUCGAUGGGAAACAGGUUAAUAUUCCUGUACUUGGUGUUACUGCGAAGGGGGGACGGAGAAGGCUAUGUUGGCCGGGCGACGGUUGUCCCGGUUUAAGCGUGUAGGCUGGUUUUCCAGGCAAAUCCGGAAAAUCAAGGCUGAGGCGUGAUGACGAGGCACUACGGUGCUGAAGCAACAAAUGCCCUGCUUCCAGGAAAAGCCUCUAAGCAUCAGGUAACAUCAAAUCGUACUCCAAACCGACACAGGUGGUCAGGUAGAGAAUACCAAGGCGCUUGAGAGAACUCGGGUGAAGGAACUAGGCAAAAUGGUGCCGUAACUUAGGGAGAAGGCACGCUGAUAUGUAGGUGAGGUCCCUCGCGGAUGGAGCUGAAAUCAGUCGAAGAUACCAGCUGGCUGCAACUGUUUAUUAAAAACACAGCACUGUGCAAACACGAAAGUGGACGUAUACGGUGUGACGCCUGCCCGGUGCCGGAAGGUUAAGUGAUGGGGUUAGCGCAAGCGAAGCUCUUGAUCGAAGCCCCGGUAAACGGCGGCCGUAACUAUAACGGUCCUAAGGUAGCGAAAUUCCUUGUCGGGUAAGUUCCGACCUGCACGAAUGGCGUAAUGAUGGCCAGGCUGUCUCCACCCGAGACUCAGUGAAAUUGAACUCGCUGUGAAGAUGCAGUGUACCCGCGGCAAGACGGAAAGACCCCGUGAACCUUUACUAUAGCUUGACACUGAACAUUGAGCCUUGAUGUGUAGGAUAGGUGGGAGGCUUUGAAGUGUGGACGCCAGUCUGCAUGGAGCCGACCUUGAAAUACCACCCUUUAAUGUUUGAUGUUCUAACGUUGACCCGUAAUCCGGGUUGCGGACAGUGUCUGGUGGGUAGUUUGACUGGGGCGGUCUCCUCCUAAAGAGUAACGGAGGAGCACGAAGGUUGGCUAAUCCUGGUCGGACAUCAGGAGGUUAGUGCAAUGGCAUAAGCCAGCUUGACUGCGAGCGUGACGGCGCGAGCAGGUGCGAAAGCAGGUCAUAGUGAUCCGGUGGUUCUGAAUGGAAGGGCCAUCGCUCAACGGAUAAAAGGUACUCCGGGGAUAACAGGCUGAUACCGCCCAAGAGUUCAUAUCGACGGCGGUGUUUGGCACCUCGAUGUCGGCUCAUCACAUCCUGGGGCUGAAGUAGGUCCCAAGGGUAUGGCUGUUCGCCAUUUAAAGUGGUACGCGAGCUGGGUUUAGAACGUCGUGAGACAGUUCGGUCCCUAUCUGCCGUGGGCGCUGGAGAACUGAGGGGGGCUGCUCCUAGUACGAGAGGACCGGAGUGGACGCAUCACUGGUGUUCGGGUUGUCAUGCCAAUGGCACUGCCCGGUAGCUAAAUGCGGAAGAGAUAAGUGCUGAAAGCAUCUAAGCACGAAACUUGCCCCGAGAUGAGUUCUCCCUGACCCUUUAAGGGUCCUGAAGGAACGUUGAAGACGACGACGUUGAUAGGCCGGGUGUGUAAGCGCAGCGAUGCGUUGAGCUAACCGGUACUAAUGAACCGUGAGGCUUAACCUU,208.6
Pilot,2.24,23S,9352812,dl2007,GGUUAAGCGACUAAGCGUACACGGUGGAUGCCCUGGCAGUCAGAGGCGAUAAAGGAAGUGCUAAUCUGCGAUAAGCGUCGGUAAGGUGAUAUGAACCGUUAUAACCGGCGAAUUCCGAAUGGGGAAACCCAGUGUGUUUCGACACACUAUCAUUAACUGAAUCCAUAGGUUAAUGACGCGAACCGGGGAAACUGAAACAUCUAAGUACCCCGAGGAAAAGAAAUCAACCGAAAUUCCCCCAGUAGCGGCGAGCGAACGGGGAGCAGCCCAGUGCCUGAAUCAGUGUGUGUGUUAGUGGAAGCGUCUGGAAAGGCGCGCGAUACAGGGUGACAGCCCCGUACACAAAAAUGCACAUGCUGUGAGCACGAUGAGUAGGGCGGGACACGUGGUAUCCUGUCUGAAUAUGGGGGGACCAUCCUCCAAGGCUAAAUACUCCUGACUGACCGAUAGUGAACCAGUACCGUGAGGGAAAGGCGAAAAGAACCCCGGCGAGGGGAGUGAAAAAGAACCUGAAACCGUGUACGUACAAGCAGUGGGAGCACGCUUAGGCGUGUGACUGCGUACCUUUAGUAUAAUGUGUCAGCGACUUAUAUUCUGUAGCAAGGUUAACCGAAUAGGGGAGCCGAAGGGAAACCGAGUCUUAACUGGGCGUUAAGUUGCAGGGUAUAGACCCGAAACCCGGUGAUCUAGCCAUGGGCAGGUUGAAGGUUGGGUAACACUAACUGGAGGACCGAACCGACUAAUGUUGAAAAAUUAGCGGAUGACUUGUGGCUGGGGGUGAAAGGCCAAUCACACCGGGAGAUAGCUGGUUCUCCCCGAAAGCUAUUUAGGUAGCGCCUCGUGAAUUCAUCUCCGGGGGUAGAGCACUGUUUCGGCAAGGGGGUCAUCCCGACUUACCAACCCGAUGCAAACUGCGAAUACCGGAGAAUGUUAUCACGGGAGACACACGGCGGGUGCUAACGUCCGUCGUGAAGAGGGAAACAACCCAGACCGCCAGCUAAGGUCCCAAAGUCAUGGUUAAGUGGAAAACGAUGUGGGAAGACCAAAACAGCCAGGAUGUUGGCUUAGAAGCAGCCAUCAUUUAAAGAAAGCGUAAUAGCUCACUGGUCGAGUCGGCCUGCGCGGAAGAUGUAACGGGGCUAAACCAUGCACCGAAGCUGCGGCAGCGACGCUUAUGCGUUGUUGGGUAGGGGAGCGUUCUGUAAGCCUGCGAAGGUGUGCUGUGAGGCAUGCUGGAGGUAUCAGAAGUGCGAAUGCUGACAUAAGUAACGAUAAAGCGGGUGAAAAGCCCGCUCGCCGGAAGACCAAGGGUUCCUGUCCAACGUUAAUCGGGGCAGGGUGAGUCGAUCCCUAAGGCGAGGCCGAAAGGCGUAGUCGAUGGGUAACAGGUUAAUAUUCCUGUACUUGGUGUUACUGCGAAGGGGGGACGGAGAAGGCUAUGUUGGCCGGGCGACGGUUGUCCCGGUUUAAGCGUGUAGGCUGGUUUUCCAGGCAAAUCCGGAAAAUCAAGGCUGAGGCGUGAUGACGAGGCACUACGGUGCUGAAGCAACAAAUGCCCUGCUUCCAGGAAAAGCCUCUAAGCAUCAGGUAACAUCAAAUCGUUCCACAAACCGACACAGGUGGUCAGGUAGAGAAUACCAAGGCGCAUGAGAGAACUCGGGUGAAGGAACUAGGAAAAAUGGUGCCGUAACUUAGGGAGAAGGCACGCUGACAUGUAGGUGAGGUCCCUCGCGGAUGGAGCUGAAGUCAGUCGAAGAUACUAGCUGGCCGCAACUGUUUAUUAAAAACACAGCACUGUUCAAACACGAAAGUGGACAUAUACGGUGUGACGCCUGCCCGGUGCCGGAAGGUUAAUUGAUGGGGUUAGCGCAAGCGAAGCUCUUGAUCGAAGCCCCGGUAAACGGCGGCCGUAACUAUAACGGUCCUAAGAUAGCGAAAUUCAUUGUCGGGUAAGUUCCGACCUGCACGAAUGGCGUAAUGAUGGCCAGGCUGACUCCACCCGAGACUCAGUGAAAUUGAACUCGCUGUGAAGAUGCAGUGUACCCGCGGCAAGACGGAAAGACCCCGUGAACCUUUACUAUAGCUUGACACUGAACAUUGAGCCUUGAUGUGUAGGAUAGGUGGGAGGCUUUGAAGUGUGGACGCCAGUCUGCAUGGAGCCGACCUUGAAAUACCACCCUUUAAUGUUUGAUGUUCUAACGUUGACCCGUAAUCCGGGUUGCGGACAGUGUCUGGUGGGUAGUUUGACUGGGGCGGUCUCCUCCUAAAGAGUAACGGAGGAGCACAAAGGUUGGCUAAUCCUGGUCGGACAUCAGGAGGUUAGUGCAAUGGCAUAAGCCAGCUUGACUGCGAGCGUGACGGCGCGAGCAGGUGCGAAAGCAGGUCAUAGUGAUCCGGUGGUUCUGAAUGGAAGGGCCAUCGCUCAACGAAUAAAAGGUACUCCGGGGAUAACAGGCUGAUACCGCCCAAGAGUUCAUAUCGACGGCGGUGUUUGGCACCUCGAUGCCGGCUCAUCACAUCCCGGGGCUGAAGUAGGUCCCAAGGGUAUGGCUGUUCGCCAUUUAAAGUGGUACGCGAGCUGGGUUUAGAACGUCGUGAGACAGUUCGGUCCCUAUCUGCCGUGGGCGCUGGAGAACUGAGGGGGGCUGCUCCUAGUACGAGAGGACCGGAGUGGACGCAUCACUGGUGUUCGGGUUGUCAUGCCAAUGGCACUGCCCGGUAGCUAAAUGCGGAAGAGAUAAGUGCUGAAAGCAUCUAAGCACGAAACUUGCCCCGAGAUGAGUUCUCCCUGACCCUUUAAGGGUCCUGAAGGAACGUUGAAGACGACGACGUUGAUAGGCCGGGUGUGUAAGCGCAGCGAUGCGUUGAGCUAACCGGUACUAAUGAACCGUGAGGCUUAACCUU,182.5
